month,address,is_warning,reason,coords
5,Maustetehtaankatu 5,0,0905,60.2069077 25.1529666
5,Maustetehtaankatu 3,0,0905,60.2068217 25.1523538
5,Gustav Pauligin katu 6,0,0905,60.2061414 25.1519060
5,Gustav Pauligin katu 8,0,0905,60.2051683 25.1524226
5,Gustav Pauligin katu 8,1,0905,60.2051683 25.1524226
5,Gustav Pauligin katu 7,0,0905,60.2051561 25.1516459
5,Gustav Pauligin katu 7,0,2301,60.2051561 25.1516459
5,Gustav Pauligin katu 7,0,0905,60.2051561 25.1516459
5,Gustav Pauligin katu 7,0,0905,60.2051561 25.1516459
5,Bertha Pauligin katu 6,0,0401,60.2056557 25.1472394
5,Bertha Pauligin katu 6,0,0401,60.2056557 25.1472394
5,Bertha Pauligin katu 6,0,0401,60.2056557 25.1472394
5,Bertha Pauligin katu 6,0,0401,60.2056557 25.1472394
5,Bertha Pauligin katu 2,0,0401,60.2064521 25.1493705
5,Bertha Pauligin katu 2,0,0401,60.2064521 25.1493705
5,Sokeritori (tori tai aukio) 0,0,1501,
5,Kahvikuja 3,1,1501,60.2062365 25.1466499
5,Bertha Pauligin katu 2,0,0401,60.2064521 25.1493705
5,Iiluodontie 1,1,1504,60.2043247 25.1461316
5,Gustav Pauligin katu 6,0,0900,60.2061414 25.1519060
5,Gustav Pauligin katu 8,0,0905,60.2051683 25.1524226
5,Gustav Pauligin katu 7,0,0900,60.2051561 25.1516459
5,Gustav Pauligin katu 20,0,0905,60.2025569 25.1537645
5,Gustav Pauligin katu 18,0,2301,60.2028210 25.1537699
5,Solvikinkatu 6,0,2301,60.2025099 25.1538775
5,Solvikinkatu 17,0,2301,60.2027605 25.1569000
5,Solvikinkuja 1,0,0905,60.2031971 25.1585230
5,Solvikinkatu 19,0,0900,60.2027629 25.1577049
5,Aurinkotuulenkatu 11,0,0905,60.2050213 25.1577220
5,Aurinkotuulenkatu 14,0,0900,60.2051697 25.1580690
5,Aurinkotuulenkatu 11,0,2301,60.2050213 25.1577220
5,Aurinkotuulenkatu 10,0,0905,60.2060437 25.1580733
5,Aurinkotuulenkatu 8,0,3000,60.2065141 25.1591559
5,Maustetehtaankatu 5,0,0905,60.2069077 25.1529666
5,Maustetehtaankatu 9,0,0900,60.2069758 25.1541451
5,Maustetehtaankatu 3,0,0905,60.2068217 25.1523538
5,Maustetehtaankatu 3,0,0900,60.2068217 25.1523538
5,Maustetehtaankatu 1,0,2301,60.2067358 25.1517413
5,Solvikinkatu 17,0,0905,60.2027605 25.1569000
5,Solvikinkatu 17,0,0905,60.2027605 25.1569000
5,Solvikinkatu 10,0,0905,60.2029490 25.1568923
5,Solvikinkatu 19,0,0905,60.2027629 25.1577049
5,Hellekuja 2,0,0905,60.2071329 25.1589241
5,Hellekuja 2,0,2301,60.2071329 25.1589241
5,Kahvikuja 3,0,0401,60.2062365 25.1466499
5,Jauhajankuja 1,0,1100,60.2051964 25.1494568
5,Jauhajankuja 2,0,1100,60.2051964 25.1494568
5,Kahvipavunkuja 4,0,1600,60.2051672 25.1482052
5,Jauhajankuja 2,0,1100,60.2051964 25.1494568
5,Jauhajankuja 2,0,1100,60.2051964 25.1494568
5,Sumukuja 2,0,0401,66.5291067 25.6559494
5,Mäkikallionkuja 2,0,0401,60.2037590 25.1487770
5,Leikosaarentie 34,0,1501,60.2046110 25.1504312
5,Mäkikallionkuja 2,0,0401,60.2037590 25.1487770
5,Kahvipavunkuja 4,0,1100,60.2051672 25.1482052
5,Jauhajankuja 1,0,1100,60.2051964 25.1494568
5,Gustav Pauligin katu 6,0,1501,60.2061414 25.1519060
5,Jauhajankuja 2,0,1100,60.2051964 25.1494568
5,Kahvipavunkuja 4,0,1100,60.2051672 25.1482052
5,Jauhajankuja 2,0,1100,60.2051964 25.1494568
5,Uutelantie 1,0,2301,60.2024323 25.1629944
5,Uutelantie 1,0,2301,60.2024323 25.1629944
5,Aurinkotuulenkatu 3,0,2301,60.2077557 25.1576482
5,Maustetehtaankatu 5,0,1501,60.2069077 25.1529666
5,Bertha Pauligin katu 2,0,0400,60.2064521 25.1493705
5,Iiluodontie 1,0,1501,60.2043247 25.1461316
5,Iiluodontie 1,0,1500,60.2043247 25.1461316
5,Iiluodontie 1,0,1501,60.2043247 25.1461316
5,Uutelantie 1,0,1700,60.2024323 25.1629944
5,Maustetehtaankatu 9,0,1503,60.2069758 25.1541451
5,Bertha Pauligin katu 6,0,0400,60.2056557 25.1472394
5,Bertha Pauligin katu 2,0,0400,60.2064521 25.1493705
4,Iiluodontie 9,0,0900,60.2060880 25.1456771
4,Iiluodontie 7,0,0900,60.2053722 25.1455995
4,Iiluodontie 1,0,0905,60.2043247 25.1461316
4,Leikosaarentie 26,0,1503,60.2040970 25.1462751
4,Iiluodontie 5,0,1504,60.2051013 25.1457362
4,Kahvikuja 3,0,0400,60.2062365 25.1466499
4,Bertha Pauligin katu 6,0,0400,60.2056557 25.1472394
4,Bertha Pauligin katu 17,0,0401,60.2060376 25.1467654
4,Bertha Pauligin katu 9,0,0400,60.2063662 25.1487574
4,Maustetehtaankatu 3,0,2303,60.2068217 25.1523538
4,Maustetehtaankatu 5,0,2301,60.2069077 25.1529666
4,Maustetehtaankatu 5,0,0905,60.2069077 25.1529666
4,Kauniinilmankuja 3,0,2301,60.2079302 25.1588696
4,Aurinkotuulenkatu 3,0,0905,60.2077557 25.1576482
4,Aurinkotuulenkatu 1,0,0905,60.2081649 25.1572614
4,Aurinkotuulenkatu 3,0,0905,60.2077557 25.1576482
4,Aurinkotuulenkatu 3,0,0905,60.2077557 25.1576482
4,Hellekuja 2,0,0905,60.2071329 25.1589241
4,Hellekuja 1,0,2301,60.2069548 25.1588798
4,Maustetehtaankatu 5,0,0905,60.2069077 25.1529666
4,Maustetehtaankatu 3,0,2301,60.2068217 25.1523538
4,Maustetehtaankatu 3,0,0905,60.2068217 25.1523538
4,Maustetehtaankatu 3,0,0905,60.2068217 25.1523538
4,Svartvikinkuja 1,0,1600,60.2044121 25.1581611
4,Svartvikinkuja 1,1,0400,60.2044121 25.1581611
4,Uutelantie 1,0,2301,60.2024323 25.1629944
4,Uutelantie 1,0,2301,60.2024323 25.1629944
4,Uutelantie 1,0,2301,60.2024323 25.1629944
4,Uutelantie 1,0,0905,60.2024323 25.1629944
4,Uutelantie 1,0,0905,60.2024323 25.1629944
4,Uutelantie 1,0,0401,60.2024323 25.1629944
4,Uutelantie 1,0,0401,60.2024323 25.1629944
4,Uutelantie 1,0,0401,60.2024323 25.1629944
4,Iiluodontie 1,0,1500,60.2043247 25.1461316
4,Iiluodontie 1,0,1504,60.2043247 25.1461316
4,Iiluodontie 1,0,1501 0400,60.2043247 25.1461316
4,Jauhajankuja 2,0,1100,60.2051964 25.1494568
4,Jauhajankuja 2,0,1100,60.2051964 25.1494568
4,Uutelantie 1,1,2301,60.2024323 25.1629944
4,Uutelantie 1,0,0905,60.2024323 25.1629944
4,Uutelantie 1,0,0905,60.2024323 25.1629944
4,Uutelantie 1,0,2301,60.2024323 25.1629944
4,Uutelantie 1,0,0905,60.2024323 25.1629944
4,Urheilukalastajankuja 1,0,2301,60.2032265 25.1601305
4,Aurinkotuulenkatu 10,0,2301,60.2060437 25.1580733
4,Aurinkotuulenkatu 5,0,2301,60.2068257 25.1578648
4,Aurinkotuulenkatu 10,0,0900,60.2060437 25.1580733
4,Aurinkotuulenkatu 5,0,0905,60.2068257 25.1578648
4,Leikosaarentie 32,0,2301,60.2044324 25.1483835
4,Leikosaarentie 25,0,0900,60.2043733 25.1504268
4,Solvikinkatu 2,0,1502,60.2018326 25.1510965
4,Gustav Pauligin katu 7,0,0905,60.2051561 25.1516459
4,Aurinkotuulenkatu 10,0,0905,60.2060437 25.1580733
4,Aurinkotuulenkatu 8,0,0905,60.2065141 25.1591559
4,Hellekuja 1,0,2301,60.2069548 25.1588798
4,Hellekuja 2,0,0905,60.2071329 25.1589241
4,Hellekuja 2,0,0905,60.2071329 25.1589241
4,Aurinkotuulenkatu 3,0,0905,60.2077557 25.1576482
4,Aurinkotuulenkatu 3,0,0905,60.2077557 25.1576482
4,Aurinkotuulenkatu 3,0,0905,60.2077557 25.1576482
4,Aurinkotuulenkatu 8,0,0905,60.2065141 25.1591559
4,Aurinkotuulenkatu 10,0,0905,60.2060437 25.1580733
4,Solvikinkatu 6,0,2301,60.2025099 25.1538775
4,Gustav Pauligin katu 16,0,0905,60.2034887 25.1533150
4,Gustav Pauligin katu 8,0,0905,60.2051683 25.1524226
4,Gustav Pauligin katu 8,0,0905,60.2051683 25.1524226
4,Kahvipavunkuja 4,0,1100,60.2051672 25.1482052
4,Kahvipavunkuja 4,0,1100,60.2051672 25.1482052
4,Jauhajankuja 2,0,1100,60.2051964 25.1494568
4,Sokeritori 4,1,0401,
4,Kahvipavunkuja 3,0,1100,60.2054538 25.1507230
4,Jauhajankuja 1,0,1100,60.2051964 25.1494568
4,Jauhajankuja 2,0,1100,60.2051964 25.1494568
4,Jauhajankuja 2,0,1100,60.2051964 25.1494568
4,Jauhajankuja 1,0,1100,60.2051964 25.1494568
4,Hellekuja 2,0,1200,60.2071329 25.1589241
4,Iiluodontie 7,0,2301,60.2053722 25.1455995
4,Jauhajankuja 2,0,1100,60.2051964 25.1494568
4,Kahvipavunkuja 3,0,1100,60.2054538 25.1507230
4,Gustav Pauligin katu 20,0,2303,60.2025569 25.1537645
4,Hellekuja 2,0,1202,60.2071329 25.1589241
4,Jauhajankuja 2,0,1100,60.2051964 25.1494568
4,Jauhajankuja 2,0,1100,60.2051964 25.1494568
4,Kahvipavunkuja 6,0,1100,60.2058716 25.1497257
3,Jauhajankuja 2,0,1100,60.2051964 25.1494568
3,Jauhajankuja 2,0,1100,60.2051964 25.1494568
3,Kahvipavunkuja 10,0,1100,60.2052448 25.1485267
3,Solvikinkatu 2,0,2303,60.2018326 25.1510965
3,Solvikinkatu 2,0,2301,60.2018326 25.1510965
3,Solvikinkatu 5,0,0905,60.2016544 25.1528926
3,Solvikinkatu 5,0,2301,60.2016544 25.1528926
3,Jauhajankuja 2,0,1100,60.2051964 25.1494568
3,Kahvipavunkuja 3,0,1100,60.2054538 25.1507230
3,Kahvipavunkuja 10,0,1100,60.2052448 25.1485267
3,Sokeritori (tori tai aukio) 0,0,0401,
3,Kahvikuja 3,0,0401,60.2062365 25.1466499
3,Kahvipavunkuja 6,0,1100,60.2058716 25.1497257
3,Jauhajankuja 2,0,1100,60.2051964 25.1494568
3,Jauhajankuja 2,0,1100,60.2051964 25.1494568
3,Jauhajankuja 2,0,1100,60.2051964 25.1494568
3,Iiluodonpiha 1,0,0905,60.2036560 25.1461088
3,Iiluodonpiha 2,0,0905,60.2037024 25.1464572
3,Iiluodonpiha 1,0,0905,60.2036560 25.1461088
3,Kahvikatu 1,0,0905,60.2054881 25.1475690
3,Jauhajankuja 2,0,0905,60.2051964 25.1494568
3,Aurinkotuulenkatu 19,0,0905,60.2036757 25.1586992
3,Aurinkotuulenkatu 19,0,0905,60.2036757 25.1586992
3,Aurinkotuulenkatu 3,0,0400 2200,60.2077557 25.1576482
3,Hellekuja 1,0,2301,60.2069548 25.1588798
3,Aurinkotuulenkatu 16,0,2301,60.2048764 25.1589901
3,Aurinkotuulenkatu 16,0,0905,60.2048764 25.1589901
3,Kahvipavunkuja 6,0,1100,60.2058716 25.1497257
3,Sokeritori (tori tai aukio) 0,0,0401,
3,Sokeritori (tori tai aukio) 0,0,0401,
3,Kahvikatu 1,0,0401,60.2054881 25.1475690
3,Kahvikuja 3,1,0401,60.2062365 25.1466499
3,Sokeritori (tori tai aukio) 0,0,0401,
3,Kahvipavunkuja 4,0,1100,60.2051672 25.1482052
3,Kahvikuja 3,0,0401,60.2062365 25.1466499
3,Kahvikuja 3,0,0401,60.2062365 25.1466499
3,Iiluodontie 1,0,1501,60.2043247 25.1461316
3,Jauhajankuja 1,0,1100,60.2051964 25.1494568
3,Vaniljakuja 1a,0,1501,60.2062227 25.1545014
3,Hellekuja 2,0,2301,60.2071329 25.1589241
3,Bertha Pauligin katu 6,0,0401,60.2056557 25.1472394
3,Sokeritori (tori tai aukio) 0,0,0400,
3,Sokeritori (tori tai aukio) 0,0,1501,
3,Iiluodontie 1,1,1501,60.2043247 25.1461316
3,Iiluodontie 1,0,1501,60.2043247 25.1461316
3,Jauhajankuja 2,0,1100,60.2051964 25.1494568
3,Jauhajankuja 2,0,1100,60.2051964 25.1494568
3,Bertha Pauligin katu 6,0,0401,60.2056557 25.1472394
3,Solvikinkatu 3,0,0905,60.2016643 25.1518866
3,Solvikinkatu 3,0,2301,60.2016643 25.1518866
3,Solvikinkatu 5,0,2301,60.2016544 25.1528926
3,Solvikinkatu 6,0,2301,60.2025099 25.1538775
3,Solvikinkatu 6,0,2301,60.2025099 25.1538775
3,Solvikinkatu 6,0,0905,60.2025099 25.1538775
3,Jauhajankuja 2,0,1100,60.2051964 25.1494568
3,Kahvipavunkuja 3,0,1100,60.2054538 25.1507230
3,Jauhajankuja 2,0,1100,60.2051964 25.1494568
3,Iiluodontie 1,0,1504,60.2043247 25.1461316
3,Sokeritori (tori tai aukio) 0,0,0400,
3,Iiluodontie 1,0,1501,60.2043247 25.1461316
3,Iiluodontie 1,0,1504,60.2043247 25.1461316
3,Kahvipavunkuja 3,0,1100,60.2054538 25.1507230
3,Kahvipavunkuja 3,0,1100,60.2054538 25.1507230
3,Kahvipavunkuja 3,0,1100,60.2054538 25.1507230
3,Kahvikuja 3,0,0401,60.2062365 25.1466499
3,Kahvikuja 3,0,0401,60.2062365 25.1466499
3,Kahvikuja 3,0,0401,60.2062365 25.1466499
3,Kahvikuja 3,0,0401,60.2062365 25.1466499
3,Kahvipavunkuja 6,0,1100,60.2058716 25.1497257
3,Jauhajankuja 1,0,1100,60.2051964 25.1494568
3,Jauhajankuja 2,0,1100,60.2051964 25.1494568
3,Sumukuja 1,0,0401,60.2053059 25.1585756
3,Leikosaarentie 26,0,1503,60.2040970 25.1462751
3,Aurinkotuulenkatu 1,0,0905,60.2081649 25.1572614
3,Aurinkotuulenkatu 1,0,0905,60.2081649 25.1572614
3,Aurinkotuulenkatu 1,0,0905,60.2081649 25.1572614
3,Aurinkotuulenkatu 6,0,0905,60.2068759 25.1582372
3,Aurinkotuulenkatu 8,0,0905,60.2065141 25.1591559
3,Aurinkotuulenkatu 14,0,2301,60.2051697 25.1580690
3,Aurinkotuulenkatu 14,0,0905,60.2051697 25.1580690
3,Aurinkotuulenkatu 16,0,0905,60.2048764 25.1589901
3,Aurinkotuulenkatu 20,0,2301,60.2040843 25.1597915
3,Hellekuja 2,0,0905,60.2071329 25.1589241
3,Hellekuja 1,0,2301,60.2069548 25.1588798
3,Iiluodontie 1,0,1500,60.2043247 25.1461316
3,Leikosaarentie 32,0,1500,60.2044324 25.1483835
3,Kahvipavunkuja 4,0,1100,60.2051672 25.1482052
3,Jauhajankuja 2,0,1100,60.2051964 25.1494568
3,Kahvipavunkuja 4,0,1100,60.2051672 25.1482052
3,Aurinkotuulenkatu 20,0,2301,60.2040843 25.1597915
3,Aurinkotuulenkatu 14,0,0905,60.2051697 25.1580690
3,Sokeritori 1,0,0400,60.2063542 25.1458197
3,Iiluodontie 1,0,1504,60.2043247 25.1461316
3,Kahvipavunkuja 4,0,1100,60.2051672 25.1482052
3,Kahvipavunkuja 4,0,0400,60.2051672 25.1482052
3,Aurinkotuulenkatu 14,1,0905,60.2051697 25.1580690
3,Sokeritori (tori tai aukio) 0,0,0401,
3,Bertha Pauligin katu 6,0,0401,60.2056557 25.1472394
3,Sokeritori (tori tai aukio) 0,0,0401,
3,Kahvikuja 3,0,0401,60.2062365 25.1466499
3,Bertha Pauligin katu 6,0,0401,60.2056557 25.1472394
3,Kahvipavunkuja 10,0,1100,60.2052448 25.1485267
3,Jauhajankuja 2,1,1100,60.2051964 25.1494568
3,Solvikinkatu 2,1,2001,60.2018326 25.1510965
2,Kahvikuja 3,0,0400,60.2062365 25.1466499
2,Kahvikuja 3,0,0401,60.2062365 25.1466499
2,Kahvikuja 3,0,0401,60.2062365 25.1466499
2,Sokeritori (tori tai aukio) 0,0,0401,
2,Sokeritori (tori tai aukio) 0,0,1501,
2,Kauniinilmankuja 3,0,2301,60.2079302 25.1588696
2,Kauniinilmankuja 3,0,2301,60.2079302 25.1588696
2,Kauniinilmankuja 3,0,0905,60.2079302 25.1588696
2,Kahvikatu 1,0,0401,60.2054881 25.1475690
2,Kahvikatu 1,0,0401,60.2054881 25.1475690
2,Kahvikuja 3,0,0401,60.2062365 25.1466499
2,Kahvipavunkuja 3,0,1100,60.2054538 25.1507230
2,Sumukuja 2,0,0401,66.5291067 25.6559494
2,Kauniinilmankuja 3,0,0401 2200,60.2079302 25.1588696
2,Bertha Pauligin katu 6,0,0401,60.2056557 25.1472394
2,Bertha Pauligin katu 6,0,0401,60.2056557 25.1472394
2,Leikosaarentie 32,0,2103 1503,60.2044324 25.1483835
2,Bertha Pauligin katu 4,0,1501,60.2063296 25.1498974
2,Jauhajankuja 2 ,0,1100,60.2051964 25.1494568
2,Jauhajankuja 2 ,0,1100,60.2051964 25.1494568
2,Jauhajankuja 2 ,0,1100,60.2051964 25.1494568
2,Kahvipavunkuja 3 ,0,0400,60.2054538 25.1507230
2,Jauhajankuja 2 ,0,1100,60.2051964 25.1494568
2,Jauhajankuja 2 ,0,2300,60.2051964 25.1494568
2,Kahvikuja 3,0,0401,60.2062365 25.1466499
2,Bertha Pauligin katu 4,0,0400,60.2063296 25.1498974
2,Iiluodontie 1,0,1504,60.2043247 25.1461316
2,Iiluodontie 1,0,1504,60.2043247 25.1461316
2,Kahvikuja 3,0,0400,60.2062365 25.1466499
2,Iiluodontie 1,0,1504,60.2043247 25.1461316
2,Iiluodontie 1,0,1504,60.2043247 25.1461316
2,Kahvikuja 3,0,0400,60.2062365 25.1466499
2,Sokeritori (tori tai aukio) 0,0,0400,
2,Gustav Pauligin katu 6,0,0401,60.2061414 25.1519060
2,Kahvikatu 1,0,0401,60.2054881 25.1475690
2,Jauhajankuja 2,0,1100,60.2051964 25.1494568
2,Jauhajankuja 2,0,1100,60.2051964 25.1494568
2,Jauhajankuja 2,0,1100,60.2051964 25.1494568
2,Jauhajankuja 2,0,1100,60.2051964 25.1494568
1,Hellekuja 2,0,0905,60.2071329 25.1589241
1,Hellekuja 2,0,2301,60.2071329 25.1589241
1,Kahvipavunkuja 3,0,1100,60.2054538 25.1507230
1,Kahvipavunkuja 3,0,1100,60.2054538 25.1507230
1,Gustav Pauligin katu 20,0,0905,60.2025569 25.1537645
1,Solvikinkatu 6,0,0900,60.2025099 25.1538775
1,Gustav Pauligin katu 8,0,1506,60.2051683 25.1524226
1,Hellekuja 2,0,0905,60.2071329 25.1589241
1,Hellekuja 2,0,2301,60.2071329 25.1589241
1,Kahvipavunkuja 3,0,1100,60.2054538 25.1507230
1,Iiluodontie 1,0,1501,60.2043247 25.1461316
1,Iiluodontie 1,0,1501,60.2043247 25.1461316
1,Jauhajankuja 1,0,1100,60.2051964 25.1494568
1,Jauhajankuja 2,0,1100,60.2051964 25.1494568
1,Jauhajankuja 2,0,1100 0401,60.2051964 25.1494568
1,Bertha Pauligin katu 4,0,0400,60.2063296 25.1498974
1,Jauhajankuja 2,0,1100,60.2051964 25.1494568
1,Jauhajankuja 2,0,1100,60.2051964 25.1494568
1,Aurinkotuulenkatu 8,0,0900 3000,60.2065141 25.1591559
1,Kahvikatu 1,0,0905,60.2054881 25.1475690
1,Kahvikatu 1,0,2301,60.2054881 25.1475690
1,Solvikinkatu 6,0,2301,60.2025099 25.1538775
1,Solvikinkatu 6,0,2301,60.2025099 25.1538775
1,Solvikinkuja 4,0,2301,60.2034087 25.1581513
1,Aurinkotuulenkatu 17,0,2301,60.2039906 25.1585798
1,Aurinkotuulenkatu 14,0,2301,60.2051697 25.1580690
1,Aurinkotuulenkatu 7,0,0905,60.2062713 25.1577557
1,Aurinkotuulenkatu 7,0,0905,60.2062713 25.1577557
1,Aurinkotuulenkatu 7,0,0900,60.2062713 25.1577557
1,Aurinkotuulenkatu 5,0,0900,60.2068257 25.1578648
1,Aurinkotuulenkatu 5,0,0905,60.2068257 25.1578648
1,Solvikinkatu 6,0,0905,60.2025099 25.1538775
1,Solvikinkatu 6,0,2301 0900,60.2025099 25.1538775
1,Kahvipavunkuja 2,0,1100,60.2050394 25.1481976
1,Sokeritori (tori tai aukio) 0,0,0400,
1,Sokeritori (tori tai aukio) 0,0,0401,
1,Sokeritori (tori tai aukio) 0,0,0401,
1,Sokeritori (tori tai aukio) 0,0,0401,
1,Sokeritori (tori tai aukio) 0,0,0401,
1,Kahvikuja 3,0,0401,60.2062365 25.1466499
1,Kahvikuja 3,0,0401,60.2062365 25.1466499
1,Jauhajankuja 2,0,1100 2200,60.2051964 25.1494568
1,Jauhajankuja 2,0,1100,60.2051964 25.1494568
1,Leikosaarentie 34,0,1501,60.2046110 25.1504312
1,Kahvipavunkuja 4,0,1100,60.2051672 25.1482052
1,Aurinkotuulenkatu 8,0,0905,60.2065141 25.1591559
1,Aurinkotuulenkatu 6,0,0905,60.2068759 25.1582372
1,Aurinkotuulenkatu 1,0,2301,60.2081649 25.1572614
1,Aurinkotuulenkatu 1,0,0905,60.2081649 25.1572614
1,Aurinkotuulenkatu 1,1,0905,60.2081649 25.1572614
1,Hellekuja 2,0,2301,60.2071329 25.1589241
1,Aurinkotuulenkatu 11,0,0905,60.2050213 25.1577220
1,Aurinkotuulenkatu 17,0,2301,60.2039906 25.1585798
1,Sumukuja 1,0,0401,60.2053059 25.1585756
1,Kahvipavunkuja 4,0,1100,60.2051672 25.1482052
1,Jauhajankuja 2,0,1100,60.2051964 25.1494568
5,Leikosaarenkuja 1,0,1501,60.2025380 25.1380696
5,Vedenottamontie 12,0,0401,60.2032491 25.1395408
5,Havukuja 3,0,0401,60.2018078 25.1344228
5,Pohjavedenkuja 5,0,0401,60.2048878 25.1385844
5,Iiluodontie 6,1,1504,60.2050575 25.1453867
5,Vedenottamontie 8,0,0401,60.2039558 25.1391689
5,Vedenottamontie 8,0,0401,60.2039558 25.1391689
5,Leikosaarenkuja 3,0,0900,60.2022695 25.1382926
5,Leikosaarenkuja 2,0,0905,60.2025833 25.1384186
5,Leikosaarenkuja 4,0,0400,60.2023470 25.1386179
5,Vedenottamontie 12,0,0401,60.2032491 25.1395408
5,Hiekkajaalanranta 5,0,2301,60.1998618 25.1431799
5,Hiekkajaalanranta 5,0,0905,60.1998618 25.1431799
5,Kalkkihiekantie 10,0,0905,60.2001671 25.1416823
5,Kalkkihiekantie 10,0,0905,60.2001671 25.1416823
5,Kalkkihiekantie 10,0,0905,60.2001671 25.1416823
5,Hiekkajaalanranta 1,0,2301,60.2001274 25.1452679
5,Vedenottamontie 8,0,0401,60.2039558 25.1391689
5,Vedenottamontie 12,0,2001,60.2032491 25.1395408
5,Vedenottamontie 8,0,0401,60.2039558 25.1391689
5,Leikosaarenkuja 7,0,0905,60.2024183 25.1381411
5,Leikosaarenkuja 7,0,0905,60.2024183 25.1381411
5,Hiekkalaiturintie 17,0,1500,60.2006558 25.1451106
5,Vedenottamontie 12,0,0401,60.2032491 25.1395408
5,Iiluodontie 6,0,1504,60.2050575 25.1453867
5,Hiekkajaalanranta 1,0,0905,60.2001274 25.1452679
5,Vedenottamontie 14,0,0400,60.2032759 25.1397466
5,Vedenottamontie 8,0,0400,60.2039558 25.1391689
5,Vedenottamontie 12,0,0400,60.2032491 25.1395408
5,Vedenottamontie 10,0,0400,60.2036026 25.1393550
5,Vedenottamontie 10,0,0400,60.2036026 25.1393550
5,Vedenottamontie 8,0,0400,60.2039558 25.1391689
5,Vedenottamontie 8,0,2001,60.2039558 25.1391689
5,Iiluodontie 6,0,1501,60.2050575 25.1453867
5,Vedenottamontie 9,0,0401,60.2039108 25.1388194
5,Vedenottamontie 10,0,0401,60.2036026 25.1393550
5,Vedenottamontie 9,0,0401,60.2039108 25.1388194
5,Vedenottamontie 12,0,0401,60.2032491 25.1395408
5,Vedenottamontie 12,0,0401,60.2032491 25.1395408
5,Iiluodontie 6,0,1504,60.2050575 25.1453867
5,Ullaksenpuisto 0,0,1700,60.2007738 25.1336198
5,Hiekkajaalanranta 5,0,0905,60.1998618 25.1431799
5,Leikosaarenkuja 4,0,0400,60.2023470 25.1386179
5,Vedenottamontie 12,0,0400,60.2032491 25.1395408
5,Iiluodontie 6,0,1504,60.2050575 25.1453867
5,Pohjavedenkuja 5,0,0401,60.2048878 25.1385844
5,Pohjavedenkatu 2,0,0401,60.2056034 25.1359552
5,Kaivonkatsojantie 16,0,1503,60.2035600 25.1368972
5,Vedenottamontie 14,0,0401,60.2032759 25.1397466
5,Vedenottamontie 8,1,0401 2001,60.2039558 25.1391689
5,Kalkkihiekantie 3,0,1502,60.2013023 25.1419897
5,Vedenottamontie 13,0,1501,60.2032041 25.1391918
5,Leikosaarenkuja 4,0,0401,60.2023470 25.1386179
5,Havukuja 4,0,1501,64.8554537 25.4711309
5,Pohjavedenkatu 2,0,0401,60.2056034 25.1359552
5,Havukuja 1,0,1501,62.7767796 22.8558842
5,Havukuja 2,0,1501,62.5783677 29.7923041
5,Havukuja 2,0,1501,62.5783677 29.7923041
5,Vedenottamontie 12,0,0401,60.2032491 25.1395408
5,Vedenottamontie 12,0,0401,60.2032491 25.1395408
5,Vedenottamontie 12,0,0401,60.2032491 25.1395408
5,Vedenottamontie 12,1,0401,60.2032491 25.1395408
5,Vedenottamontie 10,0,0400,60.2036026 25.1393550
5,Vedenottamontie 10,0,0400,60.2036026 25.1393550
5,Vedenottamontie 8,0,0400,60.2039558 25.1391689
4,Mustankivenkatu 2,0,0905,60.2063977 25.1439903
4,Kalkkihiekantie 1,0,0900,60.2015046 25.1420210
4,Kalkkihiekantie 1,0,0905,60.2015046 25.1420210
4,Kalkkihiekantie 3,0,2303,60.2013023 25.1419897
4,Kalkkihiekantie 10,0,0900,60.2001671 25.1416823
4,Kalkkihiekantie 10,0,0905,60.2001671 25.1416823
4,Kalkkihiekantie 10,0,0900,60.2001671 25.1416823
4,Hiekkajaalanranta 5,0,0905,60.1998618 25.1431799
4,Hiekkajaalanranta 5,0,0900,60.1998618 25.1431799
4,Hiekkajaalanranta 5,0,0905,60.1998618 25.1431799
4,Hiekkajaalanranta 5,0,0900,60.1998618 25.1431799
4,Hiekkajaalanranta 5,0,0900,60.1998618 25.1431799
4,Hiekkajaalanranta 3,0,0905,60.2001189 25.1442863
4,Hiekkalaiturintie 17,0,0900,60.2006558 25.1451106
4,Hiekkalaiturintie 13,0,0905,60.2009079 25.1447837
4,Hiekkalaiturintie 9,0,0900,60.2013308 25.1440831
4,Kalkkihiekantori (tori tai aukio) 0,0,1600,60.1993501 25.1404816
4,Kalkkihiekantie 3,0,1503,60.2013023 25.1419897
4,Pohjavedenkatu 2,1,0401 2200,60.2056034 25.1359552
4,Kaivonkatsojantie 3,0,0905,60.2045922 25.1357695
4,Vedenottamontie 12,0,0400,60.2032491 25.1395408
4,Vedenottamontie 12,0,0401,60.2032491 25.1395408
4,Vedenottamontie 8,1,1501,60.2039558 25.1391689
4,Kalkkihiekantori (tori tai aukio) 0 ,0,1700,60.1993501 25.1404816
4,Iiluodontie 6,0,1504,60.2050575 25.1453867
4,Iiluodontie 6,0,1504,60.2050575 25.1453867
4,Iiluodontie 6,0,1504,60.2050575 25.1453867
4,Kalkkihiekantie 3,0,1505,60.2013023 25.1419897
4,Vedenottamontie 12,0,0400,60.2032491 25.1395408
4,Leikosaarenraitti 0,0,1503,60.2025550 25.1427881
4,Vedenottamontie 12,0,0401,60.2032491 25.1395408
4,Vedenottamontie 9,0,0401,60.2039108 25.1388194
4,Vedenottamontie 8,0,0401,60.2039558 25.1391689
4,Hiekkajaalanranta 5,0,2301,60.1998618 25.1431799
4,Hiekkajaalanranta 5,0,0905,60.1998618 25.1431799
4,Hiekkajaalanranta 1,0,2301,60.2001274 25.1452679
4,Kalkkihiekantie 1,0,1500,60.2015046 25.1420210
4,Vedenottamonpolku 2,0,1503,60.2026889 25.1398950
4,Vedenottamontie 14,1,0400,60.2032759 25.1397466
4,Vedenottamontie 12,0,0401,60.2032491 25.1395408
4,Vedenottamontie 10,0,0400,60.2036026 25.1393550
4,Kalkkihiekantori (tori tai aukio) 0 ,0,1700,60.1993501 25.1404816
4,Kalkkihiekantie 1,0,1500,60.2015046 25.1420210
4,Kalkkihiekantie 3,0,2301,60.2013023 25.1419897
4,Hiekkajaalanranta 2,0,0905,60.1998969 25.1434490
4,Havukuja 2,0,1500,62.5783677 29.7923041
4,Havukuja 2,0,0905,62.5783677 29.7923041
4,Havukuja 2,0,0905,62.5783677 29.7923041
4,Kaivonkatsojantie 11,0,1500,60.2034121 25.1364499
4,Havukuja 1,0,0905,62.7767796 22.8558842
4,Havukuja 1,0,0905,62.7767796 22.8558842
4,Hiekkalaiturintie 3,0,1501,60.2026910 25.1424330
4,Hiekkalaiturintie 7,0,2301,60.2018743 25.1435306
4,Hiekkalaiturintie 17,0,0905,60.2006558 25.1451106
4,Hiekkajaalanranta 3,0,0905,60.2001189 25.1442863
4,Hiekkajaalanranta 3,0,0905,60.2001189 25.1442863
4,Hiekkajaalanranta 5,0,0905,60.1998618 25.1431799
4,Kalkkihiekantie 10,0,0905,60.2001671 25.1416823
4,Hiekkalaiturintie 4,0,0905,60.2027442 25.1429532
4,Kalkkihiekantie 1,0,1500,60.2015046 25.1420210
4,Kaivonkatsojantie 13,0,1500,60.2027661 25.1360333
4,Hiekkalaiturinraitti 10,0,1501,60.2006004 25.1411334
4,Havukuja 2,0,1501,62.5783677 29.7923041
4,Kalkkihiekantie 10,0,0905,60.2001671 25.1416823
4,Leikosaarenkuja 1,0,0905,60.2025380 25.1380696
4,Pohjavedenkatu 3,0,0905,60.2053960 25.1390275
4,Pohjavedenkatu 6,0,0905,60.2057211 25.1378885
4,Pohjavedenkatu 3,0,0905,60.2053960 25.1390275
4,Pohjavedenkatu 3,0,0905,60.2053960 25.1390275
4,Havukuja 1,0,1501,62.7767796 22.8558842
4,Iiluodontie 6,0,0400 1501,60.2050575 25.1453867
4,Iiluodontie 6,0,0400 1501,60.2050575 25.1453867
4,Hiekkajaalanranta 5,0,2705,60.1998618 25.1431799
4,Kalkkihiekantie 3,0,1502,60.2013023 25.1419897
4,Havukuja 2,0,1501,62.5783677 29.7923041
4,Vedenottamontie 12,0,0401,60.2032491 25.1395408
4,Kaivonkatsojanpuisto 0,0,0400,
4,Kalkkihiekantie 3,0,1505,60.2013023 25.1419897
4,Vedenottamontie 12,0,0400,60.2032491 25.1395408
4,Vedenottamontie 12,0,0401,60.2032491 25.1395408
4,Vedenottamontie 12,0,0401,60.2032491 25.1395408
4,Pohjavedenkuja 5,0,0401,60.2048878 25.1385844
4,Leikosaarentie 15,0,0400,60.2030630 25.1426699
4,Leikosaarenkuja 2,0,0905,60.2025833 25.1384186
4,Leikosaarenkuja 2,0,0905,60.2025833 25.1384186
4,Leikosaarenkuja 2,0,0905,60.2025833 25.1384186
4,Leikosaarenkuja 7,0,1500,60.2024183 25.1381411
4,Leikosaarenkuja 7,0,0905,60.2024183 25.1381411
4,Leikosaarenkuja 7,0,1500,60.2024183 25.1381411
4,Vedenottamontie 12,0,0401,60.2032491 25.1395408
4,Vedenottamontie 12,0,0401,60.2032491 25.1395408
4,Vedenottamontie 12,0,0401,60.2032491 25.1395408
4,Hiekkajaalanranta 5,0,0905,60.1998618 25.1431799
4,Iiluodontie 6,0,1504,60.2050575 25.1453867
4,Vedenottamontie 12,0,0400,60.2032491 25.1395408
4,Pohjavedenportti 2,0,0905,60.2063098 25.1376711
4,Pohjavedenportti 2,0,0905,60.2063098 25.1376711
4,Vedenottamontie 12,0,0401,60.2032491 25.1395408
3,Vedenottamontie 9,0,0401,60.2039108 25.1388194
3,Vedenottamontie 10,0,0400,60.2036026 25.1393550
3,Pohjavedenkuja 5,0,0400,60.2048878 25.1385844
3,Pohjavedenkuja 5,0,0401,60.2048878 25.1385844
3,Iiluodontie 6,0,1501,60.2050575 25.1453867
3,Iiluodontie 6,0,1501,60.2050575 25.1453867
3,Havukuja 2,0,1501,62.5783677 29.7923041
3,Vedenottamontie 12,0,0401,60.2032491 25.1395408
3,Pohjavedenkatu 4,0,0401 2200,60.2056319 25.1367719
3,Pohjavedenkatu 8,0,1504 2200,60.2058297 25.1385865
3,Pohjavedenkatu 12,0,0401,60.2059194 25.1391806
3,Vedenottamontie 12,0,0401,60.2032491 25.1395408
3,Iiluodontie 6,0,1504,60.2050575 25.1453867
3,Iiluodontie 6,0,1504,60.2050575 25.1453867
3,Iiluodontie 6,1,1504,60.2050575 25.1453867
3,Vedenottamontie 12,0,0401,60.2032491 25.1395408
3,Vedenottamontie 12,0,0401,60.2032491 25.1395408
3,Vedenottamontie 12,0,0400,60.2032491 25.1395408
3,Vedenottamontie 10,0,0401,60.2036026 25.1393550
3,Hiekkajaalanranta 5,0,2705,60.1998618 25.1431799
3,Havukuja 2,0,1501,62.5783677 29.7923041
3,Hiekkalaiturintie 17,0,0905,60.2006558 25.1451106
3,Hiekkalaiturintie 17,0,0905,60.2006558 25.1451106
3,Hiekkalaiturintie 7,0,2301,60.2018743 25.1435306
3,Leikosaarenkuja 2,0,0905,60.2025833 25.1384186
3,Leikosaarenkuja 3,0,0905,60.2022695 25.1382926
3,Hiekkalaiturintie 15,0,0905,60.2007523 25.1449852
3,Hiekkalaiturintie 17,0,0905,60.2006558 25.1451106
3,Mustankivenkatu 2,0,0905,60.2063977 25.1439903
3,Leikosaarentie 24,1,1501,60.2039937 25.1455092
3,Hiekkajaalanranta 5,0,2301,60.1998618 25.1431799
3,Hiekkajaalanranta 5,0,0905,60.1998618 25.1431799
3,Hiekkajaalanranta 5,0,2705,60.1998618 25.1431799
3,Hiekkajaalanranta 5,0,2705,60.1998618 25.1431799
3,Vedenottamontie 8,0,0401,60.2039558 25.1391689
3,Vedenottamontie 12,0,0400,60.2032491 25.1395408
3,Pohjavedenkatu 2,0,0401,60.2056034 25.1359552
3,Pohjavedenkatu 2,0,0400,60.2056034 25.1359552
3,Vedenottamontie 12,0,0401,60.2032491 25.1395408
3,Iiluodontie 6,0,1504,60.2050575 25.1453867
3,Iiluodontie 6,0,1504,60.2050575 25.1453867
3,Iiluodontie 6,0,1504,60.2050575 25.1453867
3,Vedenottamontie 12,0,0400,60.2032491 25.1395408
3,Vedenottamontie 12,0,0400,60.2032491 25.1395408
3,Vedenottamontie 12,0,0400,60.2032491 25.1395408
3,Vedenottamontie 12,0,0400,60.2032491 25.1395408
3,Havukuja 2,0,1504,62.5783677 29.7923041
3,Havukuja 2,0,1504,62.5783677 29.7923041
3,Havukuja 1,0,1504,62.7767796 22.8558842
3,Hiekkajaalanranta 5,0,2301,60.1998618 25.1431799
3,Iiluodontie 6,0,1501,60.2050575 25.1453867
3,Kalkkihiekantie 10,0,1501,60.2001671 25.1416823
3,Kalkkihiekantie 10,0,0900,60.2001671 25.1416823
3,Kalkkihiekantie 10,0,2301,60.2001671 25.1416823
3,Kalkkihiekantie 3,0,0905,60.2013023 25.1419897
3,Kalkkihiekantie 3,0,0900,60.2013023 25.1419897
3,Kalkkihiekantie 1,0,2301,60.2015046 25.1420210
3,Kalkkihiekantie 3,0,0900,60.2013023 25.1419897
3,Leikosaarenkuja 2,0,0905,60.2025833 25.1384186
3,Havukuja 1,0,0900,62.7767796 22.8558842
3,Havukuja 3,0,0905,60.2018078 25.1344228
3,Havukuja 3,0,0905,60.2018078 25.1344228
3,Havukuja 1,0,0900,62.7767796 22.8558842
3,Leikosaarenraitti 0,0,1503,60.2025550 25.1427881
3,Kalkkihiekantie 1,0,1503,60.2015046 25.1420210
3,Vedenottamontie 5,0,0401,60.2039027 25.1387570
3,Vedenottamontie 12,0,0401,60.2032491 25.1395408
3,Vedenottamontie 12,0,0401,60.2032491 25.1395408
3,Vedenottamontie 12,0,0401,60.2032491 25.1395408
3,Vedenottamontie 12,0,0401,60.2032491 25.1395408
3,Kalkkihiekantie 1,0,1500,60.2015046 25.1420210
3,Kalkkihiekantie 1,0,1500,60.2015046 25.1420210
3,Vedenottamontie 9,0,0400,60.2039108 25.1388194
3,Kalkkihiekantie 3,0,1506,60.2013023 25.1419897
3,Kalkkihiekantie 3,0,1506,60.2013023 25.1419897
3,Kalkkihiekantie 1,0,2500 2501,60.2015046 25.1420210
3,Havukuja 4,1,0401,64.8554537 25.4711309
3,Leikosaarenkuja 7,1,0401,60.2024183 25.1381411
3,Vedenottamontie 9,0,0401,60.2039108 25.1388194
3,Vedenottamontie 9,0,0400,60.2039108 25.1388194
3,Vedenottamontie 9,0,0401,60.2039108 25.1388194
3,Vedenottamontie 10,0,0401,60.2036026 25.1393550
3,Vedenottamontie 12,0,0400,60.2032491 25.1395408
3,Pohjavedenkatu 4,0,0400 2200,60.2056319 25.1367719
3,Vedenottamontie 9,0,0401,60.2039108 25.1388194
3,Havukuja 1,0,0905,62.7767796 22.8558842
3,Havukuja 4,0,0905,64.8554537 25.4711309
3,Hiekkajaalanranta 1,0,0905,60.2001274 25.1452679
3,Hiekkalaiturintie 19,0,1504,60.2004074 25.1454384
3,Vedenottamontie 12,0,0401,60.2032491 25.1395408
3,Vedenottamontie 12,0,0401,60.2032491 25.1395408
3,Iiluodontie 6,0,1501,60.2050575 25.1453867
2,Vedenottamontie 12,0,0401,60.2032491 25.1395408
2,Hiekkajaalanranta 1,0,0905,60.2001274 25.1452679
2,Vedenottamontie 12,0,0401,60.2032491 25.1395408
2,Hiekkajaalanranta 1,0,0905,60.2001274 25.1452679
2,Leikosaarentie 8,0,1500,60.2025594 25.1357423
2,Leikosaarenkuja 2,0,0905,60.2025833 25.1384186
2,Leikosaarenkuja 7,0,0905,60.2024183 25.1381411
2,Vedenottamontie 12,0,0401,60.2032491 25.1395408
2,Vedenottamontie 12,0,0401,60.2032491 25.1395408
2,Hiekkalaiturintie 1,0,1501,60.2028724 25.1424586
2,Kalkkihiekantie 1,0,0401,60.2015046 25.1420210
2,Hiekkalaiturinraitti 3,0,0401,60.2007913 25.1444789
2,Leikosaarenraitti 0,0,1503,60.2025550 25.1427881
2,Vedenottamontie 12,0,0401,60.2032491 25.1395408
2,Vedenottamontie 12,0,0401,60.2032491 25.1395408
2,Vedenottamontie 12,0,0401,60.2032491 25.1395408
2,Vedenottamontie 9,0,0401,60.2039108 25.1388194
2,Pohjavedenkatu 2,0,0401,60.2056034 25.1359552
2,Pohjavedenkatu 2,0,0401,60.2056034 25.1359552
2,Pohjavedenkatu 3,0,1501,60.2053960 25.1390275
2,Vedenottamontie 12,0,0401,60.2032491 25.1395408
2,Vedenottamontie 10,0,0400,60.2036026 25.1393550
2,Pohjavedenkuja 5,0,1500,60.2048878 25.1385844
2,Leikosaarenkuja 2,0,1500,60.2025833 25.1384186
2,Vedenottamontie 9,0,0400,60.2039108 25.1388194
2,Kalkkihiekantie 1,0,1500,60.2015046 25.1420210
2,Kalkkihiekantie 3,0,1500,60.2013023 25.1419897
2,Kalkkihiekantie 1,0,1500,60.2015046 25.1420210
2,Hiekkajaalanranta 2,0,2301,60.1998969 25.1434490
2,Hiekkajaalanranta 2,0,0905,60.1998969 25.1434490
2,Kaivonkatsojantie 14,0,1600,60.2040120 25.1372967
2,Kaivonkatsojantie 14,0,1600,60.2040120 25.1372967
2,Kaivonkatsojantie 1,0,1600,60.2056360 25.1351356
2,Iiluodontie 6,0,1504,60.2050575 25.1453867
2,Vedenottamontie 14,0,0400,60.2032759 25.1397466
2,Vedenottamontie 12,0,0400,60.2032491 25.1395408
2,Hiekkajaalanranta 2,0,2301,60.1998969 25.1434490
2,Vedenottamontie 12,0,0401,60.2032491 25.1395408
2,Iiluodontie 6,0,1504,60.2050575 25.1453867
2,Vedenottamontie 8,0,0400,60.2039558 25.1391689
2,Vedenottamontie 9,0,0400,60.2039108 25.1388194
2,Kalkkihiekantie 1,0,1501,60.2015046 25.1420210
2,Leikosaarenkuja 1,0,0401,60.2025380 25.1380696
2,Pohjavedenkatu 3,0,1600,60.2053960 25.1390275
2,Hiekkajaalanranta 1,0,0401 2001,60.2001274 25.1452679
2,Leikosaarentie 18,0,0300,60.2036154 25.1437752
2,Hiekkajaalanranta 1,0,0401 2001,60.2001274 25.1452679
1,Vedenottamontie 12,0,0400,60.2032491 25.1395408
1,Vedenottamontie 12,0,0400 2001,60.2032491 25.1395408
1,Hiekkajaalanranta 2,0,2301,60.1998969 25.1434490
1,Iiluodontie 6,0,1504,60.2050575 25.1453867
1,Kalkkihiekantie 1,0,1501,60.2015046 25.1420210
1,Leikosaarenkuja 4,0,0400,60.2023470 25.1386179
1,Vedenottamontie 12,0,0400,60.2032491 25.1395408
1,Vedenottamontie 12,0,0400,60.2032491 25.1395408
1,Vedenottamontie 12,0,0400,60.2032491 25.1395408
1,Leikosaarenkuja 4,0,0400,60.2023470 25.1386179
1,Iiluodontie 6,0,1501,60.2050575 25.1453867
1,Hiekkalaiturintie 1,0,1501,60.2028724 25.1424586
1,Kalkkihiekantie 1,0,1501 0400,60.2015046 25.1420210
1,Leikosaarentie 24,0,2001,60.2039937 25.1455092
1,Iiluodontie 6,0,1501,60.2050575 25.1453867
1,Iiluodontie 6,0,1501,60.2050575 25.1453867
1,Hiekkajaalanranta 1,0,0900,60.2001274 25.1452679
1,Leikosaarentie 24,0,0900,60.2039937 25.1455092
1,Pohjavedenkuja 5,0,0400,60.2048878 25.1385844
1,Pohjavedenkatu 4,0,0401 2200,60.2056319 25.1367719
1,Pohjavedenkatu 2,0,0401,60.2056034 25.1359552
1,Pohjavedenkatu 8,1,0905,60.2058297 25.1385865
1,Pohjavedenkatu 8,0,0905,60.2058297 25.1385865
1,Kaivonkatsojantie 5,0,0905,60.2042148 25.1355764
1,Kaivonkatsojantie 3,0,0905,60.2045922 25.1357695
1,Kaivonkatsojantie 3,0,0905,60.2045922 25.1357695
1,Havukuja 2,0,0905,62.5783677 29.7923041
1,Havukuja 2,0,0905,62.5783677 29.7923041
1,Havukuja 2,0,0905,62.5783677 29.7923041
1,Havukuja 3,0,0905,60.2018078 25.1344228
1,Vedenottamontie 10,0,0400,60.2036026 25.1393550
1,Vedenottamontie 12,0,0400,60.2032491 25.1395408
1,Vedenottamontie 12,0,0400,60.2032491 25.1395408
1,Pohjavedenkuja 5,0,0400,60.2048878 25.1385844
1,Pohjavedenkatu 4,0,0400,60.2056319 25.1367719
1,Vedenottamontie 12,0,0400,60.2032491 25.1395408
1,Vedenottamontie 12,0,0400,60.2032491 25.1395408
1,Leikosaarenkuja 4,0,0400,60.2023470 25.1386179
1,Leikosaarentie 5,1,1503,60.2024288 25.1361681
1,Leikosaarenkuja 2,0,0401,60.2025833 25.1384186
1,Leikosaarenkuja 4,0,0400 1501 2001,60.2023470 25.1386179
1,Leikosaarenkuja 4,0,0400,60.2023470 25.1386179
1,Vedenottamontie 12,0,0401,60.2032491 25.1395408
1,Kaivonkatsojantie 9,0,1501,60.2038810 25.1362065
1,Kaivonkatsojantie 5,0,2301,60.2042148 25.1355764
1,Kaivonkatsojantie 5,0,0905,60.2042148 25.1355764
1,Kaivonkatsojantie 3,0,0905,60.2045922 25.1357695
1,Kaivonkatsojantie 3,0,0905,60.2045922 25.1357695
1,Kaivonkatsojantie 3,0,0905,60.2045922 25.1357695
1,Vedenottamontie 12,0,0401,60.2032491 25.1395408
1,Vedenottamontie 12,0,0401,60.2032491 25.1395408
1,Vedenottamontie 12,0,0401,60.2032491 25.1395408
1,Vedenottamontie 12,0,0401,60.2032491 25.1395408
1,Leikosaarenkuja 7,0,0401,60.2024183 25.1381411
1,Leikosaarenkuja 3,0,0401,60.2022695 25.1382926
1,Vedenottamontie 6,0,0401,60.2043030 25.1390027
1,Vedenottamontie 6,0,0401,60.2043030 25.1390027
1,Vedenottamontie 5,0,0401,60.2039027 25.1387570
1,Vedenottamontie 5,0,0401,60.2039027 25.1387570
1,Kalkkihiekantie 3,0,1506,60.2013023 25.1419897
1,Vedenottamontie 12,0,0401,60.2032491 25.1395408
1,Vedenottamontie 12,0,0401,60.2032491 25.1395408
1,Vedenottamontie 12,0,0401,60.2032491 25.1395408
1,Vedenottamontie 12,0,0401,60.2032491 25.1395408
1,Vedenottamontie 14,0,0401,60.2032759 25.1397466
1,Vedenottamontie 14,0,0401,60.2032759 25.1397466
1,Vedenottamontie 14,0,0401,60.2032759 25.1397466
1,Vedenottamontie 12,0,0401,60.2032491 25.1395408
1,Vedenottamontie 12,0,0401,60.2032491 25.1395408
1,Vedenottamontie 12,0,0401,60.2032491 25.1395408
1,Vedenottamontie 12,0,0401,60.2032491 25.1395408
1,Vedenottamontie 12,0,0401,60.2032491 25.1395408
1,Vedenottamontie 5,0,0401,60.2039027 25.1387570
1,Kaivonkatsojantie 5,0,1504,60.2042148 25.1355764
1,Kalkkihiekantie 1,0,1500,60.2015046 25.1420210
1,Kaivonkatsojantie 13,0,1500,60.2027661 25.1360333
1,Kaivonkatsojantie 14,0,1600,60.2040120 25.1372967
5,Tyynylaavankuja 3,0,0905,60.2077236 25.1401789
5,Satamasaarentie 1,0,2500 2501,60.2119961 25.1366731
5,Vuosaarentie 8,0,1500,60.2100154 25.1434779
5,Tyynylaavankuja 2,0,0400,60.2072768 25.1377075
5,Satamasaarentie 1,0,1300 5,60.2119961 25.1366731
5,Merikorttitie 13,0,0300,60.2195957 25.1299425
5,Vuosaarentie 5,0,1600 1200,60.2086824 25.1414264
5,Pienen Villasaaren tie 13,0,2301,60.2223081 25.1453927
5,Rastilantie 3a,0,1302 5,60.2135373 25.1320071
5,Tyynylaavankuja 4,0,0905,60.2078814 25.1381793
5,Pienen Villasaaren tie 11,0,2301,60.2224706 25.1457868
5,Pilvilinnankatu 8,0,0905,60.2179363 25.1504827
5,Lintu Sininen 6,1,0401,60.2192243 25.1522322
5,Vuosaarentie 8,0,1500,60.2100154 25.1434779
5,Vuosaarentie 1b,0,1600,60.2095354 25.1370417
5,Merikorttikuja 6,0,0905,60.2160572 25.1298181
5,Merikorttikuja 4,0,2301,60.2167073 25.1292317
5,Satamasaarentie 1,0,1302 5,60.2119961 25.1366731
5,Punakanelinkuja 1,0,1501,60.2104521 25.1517328
5,Sammalparrankuja 1,0,0401,60.2173313 25.1486303
5,Tyynylaavantie 15,0,1200,60.2072844 25.1391601
5,Tyynylaavantie 9,0,2713,60.2075935 25.1419799
5,Tyynylaavantie 9,0,2713,60.2075935 25.1419799
5,Tyynylaavantie 9,0,2700,60.2075935 25.1419799
5,Tyynylaavankuja 2,0,0400 2200,60.2072768 25.1377075
5,Vuosaarentie 5,0,1600 1200,60.2086824 25.1414264
4,Kallvikintie 57,0,2301,60.2070293 25.1354641
4,Tyynylaavankuja 2,0,2301,60.2072768 25.1377075
4,Tyynylaavankuja 3,0,2301,60.2077236 25.1401789
4,Tyynylaavankuja 4,0,0905,60.2078814 25.1381793
4,Kallvikintie 61,0,0905,60.2084962 25.1364021
4,Tyynylaavantie 15,0,0905,60.2072844 25.1391601
4,Tyynylaavantie 15,0,0905,60.2072844 25.1391601
4,Porslahdenkuja 2,0,0400,60.2089481 25.1500238
4,Vuosaarentie 5,0,1600 1201,60.2086824 25.1414264
4,Vuosaarentie 5,0,1200,60.2086824 25.1414264
4,Satamasaarentie 1,0,1304 5,60.2119961 25.1366731
4,Kallvikintie 61,0,2301,60.2084962 25.1364021
4,Kallvikintie 61,0,0905,60.2084962 25.1364021
4,Kallvikintie 59,0,2301,60.2081694 25.1360001
4,Lokkisaarentie 1,0,1600 2301,60.2155246 25.1468273
4,Ulappasaarentie 2,0,0801,60.2099650 25.1368425
4,Ulappasaarentie 4,0,0801,60.2105299 25.1373970
4,Ulappasaarentie 4,0,0801,60.2105299 25.1373970
4,Ulappasaarentie 8,0,2301,60.2112425 25.1367537
4,Tyynylaavankuja 2,0,0400 2200,60.2072768 25.1377075
4,Pienen Villasaaren tie 11,0,0905,60.2224706 25.1457868
4,Pienen Villasaaren tie 15,0,2301,60.2225674 25.1452672
4,Pienen Villasaaren tie 13,0,0905,60.2223081 25.1453927
4,Tyynylaavantie 9,0,2713,60.2075935 25.1419799
4,Tyynylaavankuja 4,0,0905,60.2078814 25.1381793
4,Satamasaarentie 8,0,0400,60.2132962 25.1388545
4,Satamasaarentie 8,0,1501,60.2132962 25.1388545
4,Porslahdenkuja 2,0,0401,60.2089481 25.1500238
4,Vuosaarentie 5,0,1600 1200,60.2086824 25.1414264
4,Vuosaarentie 5,0,1600 1202,60.2086824 25.1414264
4,Isonvillasaarentie 9,0,0905,60.2213445 25.1421402
4,Rastilantie 2,0,1600 2301,60.2129919 25.1324559
3,Isonvillasaarentie 12,0,0401,60.2201101 25.1422878
3,Isonvillasaarentie 12,0,0400,60.2201101 25.1422878
3,Pienen Villasaaren tie 11,0,0400,60.2224706 25.1457868
3,Vuosaarentie 8,0,1501,60.2100154 25.1434779
3,Vuosaarentie 8,0,1501,60.2100154 25.1434779
3,Satamasaarentie 1,0,1302 5,60.2119961 25.1366731
3,Pienen Villasaaren tie 6,1,0401,60.2222623 25.1465772
3,Rastilantie 3a,0,0301,60.2135373 25.1320071
3,Rastilantie 2,0,2713,60.2129919 25.1324559
3,Porslahdentie 10,1,1504,60.2188087 25.1470824
3,Tyynylaavantie 9,0,2713,60.2075935 25.1419799
3,Tyynylaavantie 9,1,2713,60.2075935 25.1419799
3,Merikorttikuja 6,0,3000,60.2160572 25.1298181
3,Merikorttikuja 7,0,0905,60.2167247 25.1287114
3,Tyynylaavankuja 4,0,0905,60.2078814 25.1381793
3,Tyynylaavankuja 3,0,2301,60.2077236 25.1401789
3,Tyynylaavankuja 3,0,2301,60.2077236 25.1401789
3,Vuosaarentie 5,0,1600 1202,60.2086824 25.1414264
3,Vannastie 8,0,2500 2501,60.2143480 25.1356498
3,Pienen Villasaaren tie 6,0,0401,60.2222623 25.1465772
3,Pienen Villasaaren tie 13,0,2301,60.2223081 25.1453927
3,Pilvilinnankatu 6,0,2301,60.2171377 25.1505896
3,Satamasaarentie 1,0,1300 5,60.2119961 25.1366731
3,Tyynylaavantie 7a,0,2713,60.2075378 25.1428050
3,Heteniityntie 11,1,2500 2501,60.2187284 25.1341788
3,Kallvikintie 59,0,1501,60.2081694 25.1360001
3,Kallvikintie 61,0,0905,60.2084962 25.1364021
3,Kallvikintie 57,0,2301,60.2070293 25.1354641
3,Kallvikintie 57,0,0905,60.2070293 25.1354641
3,Kallvikintie 57,0,0905,60.2070293 25.1354641
3,Tyynylaavantie 9,0,2301,60.2075935 25.1419799
3,Tyynylaavantie 9,0,0905,60.2075935 25.1419799
3,Rastilantie 3,0,0301,60.2135373 25.1320071
3,Rastilantie 3,0,0301,60.2135373 25.1320071
3,Vuosaarentie 5,0,1600 1200,60.2086824 25.1414264
3,Lokkisaarentie 1,0,2500 2501,60.2155246 25.1468273
3,Lokkisaarentie 7,0,2500 2501,60.2161727 25.1440783
3,Pienen Villasaaren tie 6,0,0401,60.2222623 25.1465772
3,Vuosaarentie 5,0,1202,60.2086824 25.1414264
3,Vuosaarentie 5,0,1600 1200,60.2086824 25.1414264
3,Vuosaarentie 5,0,1202 1600,60.2086824 25.1414264
3,Satamasaarentie 1,0,1302 5,60.2119961 25.1366731
3,Satamasaarentie 3,0,1501,60.2122078 25.1375594
3,Satamasaarentie 1,0,2001,60.2119961 25.1366731
3,Vuosaarentie 5,0,1600,60.2086824 25.1414264
3,Vuosaarentie 5,1,1600 1202,60.2086824 25.1414264
3,Vuosaarentie 5,0,1600 1202,60.2086824 25.1414264
3,Satamasaarentie 1,0,1302 5,60.2119961 25.1366731
3,Vuosaarentie 5,0,1600 1200,60.2086824 25.1414264
3,Lokkisaarentie 1,0,2001,60.2155246 25.1468273
3,Heteniityntie 5,0,0905,60.2185281 25.1371571
3,Heteniityntie 1,0,0905,60.2184301 25.1375607
3,Heteniityntie 5,0,2301,60.2185281 25.1371571
3,Koukkusaarentie 5,0,2001,60.2142852 25.1368605
2,Ulappasaarentie 4,0,2301,60.2105299 25.1373970
2,Ulappasaarentie 4,0,0905,60.2105299 25.1373970
2,Ulappasaarentie 6,0,2301,60.2109918 25.1370354
2,Ulappasaarentie 6,0,0905,60.2109918 25.1370354
2,Ulappasaarentie 8,0,2301,60.2112425 25.1367537
2,Satamasaarentie 3,0,1501,60.2122078 25.1375594
2,Lokkisaarentie 7,0,2500 2501,60.2161727 25.1440783
2,Lokkisaarentie 1,0,1600,60.2155246 25.1468273
2,Vuosaaren metroasema 0,0,2713,60.2071813 25.1423912
2,Tyynylaavantie 7b,0,2713,60.2075378 25.1428050
2,Tyynylaavankuja 2,0,0905,60.2072768 25.1377075
2,Satamasaarentie 1,1,1302 5,60.2119961 25.1366731
2,Tyynylaavantie 7a,0,1600,60.2075378 25.1428050
2,Tyynylaavantie 7a,0,1600,60.2075378 25.1428050
2,Vuosaarentie 5,0,1200,60.2086824 25.1414264
2,Tyynylaavantie 7a,0,1600,60.2075378 25.1428050
2,Tyynylaavantie 7a,0,1600,60.2075378 25.1428050
2,Tyynylaavantie 7a,0,1600,60.2075378 25.1428050
2,Tyynylaavantie 7a,0,1600,60.2075378 25.1428050
2,Tyynylaavantie 7a,0,1600,60.2075378 25.1428050
2,Tyynylaavantie 7a,0,1600,60.2075378 25.1428050
2,Satamasaarentie 1,0,1302 5,60.2119961 25.1366731
2,Pienen Villasaaren tie 1,0,1600,60.2223474 25.1483585
2,Satamasaarentie 1,0,1303,60.2119961 25.1366731
2,Satamasaarentie 1,0,1302 5,60.2119961 25.1366731
2,Haapasaarentie 2,0,1600 2301,60.2183561 25.1450735
2,Satamasaarentie 1,0,1302 5,60.2119961 25.1366731
2,Satamasaarentie 1,0,1301,60.2119961 25.1366731
2,Vuosaarentie 8,0,1504,60.2100154 25.1434779
2,Pienen Villasaaren tie 11,0,0900,60.2224706 25.1457868
2,Tyynylaavankuja 2,0,0400 2200,60.2072768 25.1377075
2,Tyynylaavankuja 2,0,0400,60.2072768 25.1377075
2,Porslahdenkuja 4,1,0401,60.2088733 25.1511271
2,Omenamäenkatu 1,0,2301,60.2103605 25.1499964
2,Omenamäenkatu 3,0,0900,60.2099238 25.1515892
2,Satamasaarentie 1,0,1302 5,60.2119961 25.1366731
2,Porslahdenkuja 1,0,0400,60.2084839 25.1502769
2,Satamasaarentie 1,0,1302 5,60.2119961 25.1366731
2,Satamasaarentie 1,0,1302 5,60.2119961 25.1366731
1,Vuosaarentie 5,1,1600 1200,60.2086824 25.1414264
1,Kivisaarentie 2,0,2301,60.2200769 25.1394236
1,Tyynylaavantie 9,0,2713,60.2075935 25.1419799
1,Tyynylaavantie 9,0,2713,60.2075935 25.1419799
1,Pienen Villasaaren tie 13,0,0905,60.2223081 25.1453927
1,Pienen Villasaaren tie 13,0,0900,60.2223081 25.1453927
1,Isonvillasaarentie 9,0,2301,60.2213445 25.1421402
1,Tyynylaavankuja 2,0,0400,60.2072768 25.1377075
1,Tyynylaavantie 9,0,2700 2713,60.2075935 25.1419799
1,Tyynylaavantie 9,0,2713,60.2075935 25.1419799
1,Satamasaarentie 1,0,1304 5,60.2119961 25.1366731
1,Tyynylaavankuja 2,0,0400 2200,60.2072768 25.1377075
1,Pienen Villasaaren tie 1,0,1600,60.2223474 25.1483585
1,Rantakiventie 2c,0,0401,60.2178717 25.1250864
1,Ulappasaarentie 6,0,0801,60.2109918 25.1370354
1,Haapasaarentie 1,0,1600 2301,60.2192447 25.1451694
1,Vuosaarentie 5,0,1202,60.2086824 25.1414264
1,Vuosaarentie 5,0,1600 1200,60.2086824 25.1414264
1,Vuosaarentie 5,0,1202,60.2086824 25.1414264
1,Vuosaarentie 5,0,1600 1200,60.2086824 25.1414264
1,Satamasaarentie 1,0,1302 5,60.2119961 25.1366731
1,Haapasaarentie 2,0,1600 0301,60.2183561 25.1450735
1,Vuosaarentie 5,0,1600 1200,60.2086824 25.1414264
1,Vuosaarentie 5,0,1600 1200,60.2086824 25.1414264
1,Punakiventie 3,0,1500,60.2110304 25.1437660
1,Isonvillasaarentie 12,0,0401,60.2201101 25.1422878
1,Isonvillasaarentie 12,0,0401,60.2201101 25.1422878
1,Neitsytsaarentie 6,0,0401,60.2227195 25.1386662
1,Merikorttikuja 5,0,0905,60.2168303 25.1283751
1,Merikorttikuja 5,0,0905,60.2168303 25.1283751
1,Vuotie 45,0,1600 0900,60.2073736 25.1450600
1,Vuotie 45,0,1600 0900,60.2073736 25.1450600
1,Vuotie 45,0,1600 2301,60.2073736 25.1450600
1,Vuotie 45,0,1600 2301 0900,60.2073736 25.1450600
1,Porslahdentie 32,0,1500,60.2097449 25.1496343
1,Vuosaarentie 5,0,1600 1200,60.2086824 25.1414264
1,Vuosaarentie 5,0,1200,60.2086824 25.1414264
1,Vuosaarentie 5,0,1200,60.2086824 25.1414264
1,Vuosaarentie 5,0,1600 1200,60.2086824 25.1414264
1,Vuosaarentie 5,1,1600 1200,60.2086824 25.1414264
1,Vuosaarentie 5,0,1200,60.2086824 25.1414264
1,Mustalahdentie 4,0,0401,60.2213880 25.1391132
1,Pienen Villasaaren tie 11,0,0401 2200,60.2224706 25.1457868
1,Isonvillasaarentie 10,0,0401,60.2209612 25.1427455
1,Tyynylaavantie 15,0,0905,60.2072844 25.1391601
1,Tyynylaavantie 15,0,2301,60.2072844 25.1391601
1,Tyynylaavantie 15,0,2301,60.2072844 25.1391601
1,Tyynylaavantie 15,0,2301,60.2072844 25.1391601
1,Vuosaarentie 5,0,0401,60.2086824 25.1414264
1,Isonvillasaarentie 9,0,0400,60.2213445 25.1421402
5,Verkkotie 10,0,0401,62.6178238 29.8388168
5,Ramsinniementie 14,0,2301,60.1967538 25.1127790
5,Ramsinniementie 14,0,2301,60.1967538 25.1127790
5,Harustie 2,0,2002,60.2033968 25.1263762
5,Rysäkuja 3,0,1600,60.1984403 25.1171227
5,Kallvikinniementie 1,0,1600,60.2013941 25.1317216
5,Meri-Rastilan tie 15,0,1500,60.2001647 25.1191395
5,Meri-Rastilan tie 10,0,1500,60.2028919 25.1173952
5,Harustie 6,0,2704,60.2033473 25.1240903
4,Harbonkatu 12,0,0905,60.1981957 25.1274654
4,Ramsinniementie 13,0,2301,60.1972536 25.1134791
4,Märssykuja 2,0,2301,60.2044236 25.1167849
4,Halkaisijantie 5,0,2301,60.2022937 25.1276980
4,Halkaisijantie 3,0,2301,60.2031961 25.1268443
4,Harustie 6,0,2301,60.2033473 25.1240903
4,Harustie 1,0,0905,60.2035519 25.1258391
4,Harustie 5,0,0401,60.2035265 25.1231149
3,Meri-Rastilan tie 40,0,1600,60.2019468 25.1294996
3,Meri-Rastilan tie 40,0,1600,60.2019468 25.1294996
3,Fokkakuja 2,0,2301 2001,60.2020288 25.1181299
3,Halkaisijantie 6,0,1504,60.2020672 25.1283250
3,Halkaisijantie 3,0,2301,60.2031961 25.1268443
3,Halkaisijantie 3,0,2301,60.2031961 25.1268443
3,Halkaisijantie 5,0,2704,60.2022937 25.1276980
3,Meri-Rastilan kuja 1,1,1500,60.2037055 25.1182871
3,Meri-Rastilan kuja 1,1,1503,60.2037055 25.1182871
3,Harustie 1,0,2301,60.2035519 25.1258391
3,Harustie 5,0,2301,60.2035265 25.1231149
3,Harustie 5,0,0905,60.2035265 25.1231149
3,Harustie 1,0,2704,60.2035519 25.1258391
3,Meri-Rastilan tie 34,0,1503,60.2012560 25.1262589
3,Fokkakuja 2,0,0905 2001,60.2020288 25.1181299
3,Halkaisijantie 5,0,0401 2104,60.2022937 25.1276980
2,Fokkakuja 2,0,2301 2001,60.2020288 25.1181299
2,Märssykuja 2,0,0905,60.2044236 25.1167849
2,Märssykuja 2,0,0905,60.2044236 25.1167849
2,Märssykuja 2,0,0905,60.2044236 25.1167849
2,Prammikuja 3,0,1501,60.2005925 25.1209179
2,Meri-Rastilan tie 19,0,1600,60.2000511 25.1222541
1,Rysäkuja 3,0,0400,60.1984403 25.1171227
1,Harustie 6,0,0905,60.2033473 25.1240903
1,Harustie 6,0,2301,60.2033473 25.1240903
1,Harustie 5,0,0905,60.2035265 25.1231149
1,Harustie 6,0,2301,60.2033473 25.1240903
1,Palmsenpolku 1,0,0401,60.1959333 25.1207616
1,Palmsenpolku 1,0,0401,60.1959333 25.1207616
1,Palmsenpolku 1,0,0400,60.1959333 25.1207616
1,Palmsenpolku 1,0,0400,60.1959333 25.1207616
1,Meri-Rastilan tie 19,0,1501,60.2000511 25.1222541
1,Halkaisijantie 4,0,2301,60.2025318 25.1279474
1,Meri-Rastilan tie 5,1,1500,60.2032617 25.1167496
5,Seilorinkatu 1,0,1600,60.2189000 25.1787553
4,Seilorinkatu 13,0,1600,60.2236158 25.1734712
4,Seilorinkatu 13,0,1600,60.2236158 25.1734712
4,Seilorinkatu 13,0,1600,60.2236158 25.1734712
4,Seilorinkatu 13,0,1600,60.2236158 25.1734712
4,Seilorinkatu 13,0,1600,60.2236158 25.1734712
4,Seilorinkatu 13,0,1600,60.2236158 25.1734712
4,Seilorinkatu 13,0,1600,60.2236158 25.1734712
4,Seilorinkatu 13,0,1600,60.2236158 25.1734712
4,Seilorinkatu 13,0,1600,60.2236158 25.1734712
4,Seilorinkatu 13,0,1600,60.2236158 25.1734712
4,Seilorinkatu 13,0,1600,60.2236158 25.1734712
4,Seilorinkatu 13,0,1600,60.2236158 25.1734712
4,Seilorinkatu 13,0,1600,60.2236158 25.1734712
